{
	"credit": "Made with Blockbench",
	"ambientocclusion": true,
	"textures": {
		"4": "blocks/bed_head_end",
		"particle": "blocks/bed_feet_top",
		"top": "blocks/bed_feet_top",
		"bottom": "blocks/planks_oak",
		"end": "blocks/bed_feet_end",
		"side": "blocks/bed_feet_side"
	},
	"elements": [
		{
			"from": [0, 3, 0],
			"to": [16, 9, 16],
			"faces": {
				"north": {"uv": [0, 7, 16, 13], "texture": "#end"},
				"east": {"uv": [0, 0, 16, 6], "texture": "#side"},
				"south": {"uv": [0, 0, 16, 6], "texture": "#4"},
				"west": {"uv": [0, 7, 16, 13], "texture": "#side"},
				"up": {"uv": [0, 0, 16, 16], "rotation": 90, "texture": "#top"},
				"down": {"uv": [0, 0, 16, 16], "texture": "#bottom"}
			}
		},
		{
			"from": [0, 0, 0],
			"to": [3, 3, 3],
			"faces": {
				"north": {"uv": [13, 13, 16, 16], "texture": "#end"},
				"east": {"uv": [0, 13, 3, 16], "texture": "#side"},
				"south": {"uv": [13, 13, 16, 16], "texture": "#end"},
				"west": {"uv": [0, 13, 3, 16], "texture": "#side"},
				"up": {"uv": [0, 0, 3, 3], "texture": "#missing"},
				"down": {"uv": [13, 3, 16, 6], "rotation": 180, "texture": "#bottom"}
			}
		},
		{
			"from": [13, 0, 0],
			"to": [16, 3, 3],
			"faces": {
				"north": {"uv": [0, 13, 3, 16], "texture": "#end"},
				"east": {"uv": [13, 13, 16, 16], "texture": "#end"},
				"south": {"uv": [0, 13, 3, 16], "texture": "#side"},
				"west": {"uv": [13, 13, 16, 16], "texture": "#end"},
				"up": {"uv": [0, 0, 3, 3], "texture": "#missing"},
				"down": {"uv": [0, 3, 3, 6], "rotation": 180, "texture": "#bottom"}
			}
		}
	]
}