{
	"credit": "Made with Blockbench",
	"ambientocclusion": true,
	"textures": {
		"3": "blocks/bed_head_top",
		"bottom": "blocks/planks_oak",
		"side": "blocks/bed_head_side",
		"end": "blocks/bed_head_end",
		"particle": "blocks/bed_head_top"
	},
	"elements": [
		{
			"from": [0, 3, 0],
			"to": [16, 9, 16],
			"faces": {
				"north": {"uv": [0, 0, 16, 6], "texture": "#end"},
				"east": {"uv": [0, 0, 16, 6], "texture": "#side"},
				"south": {"uv": [0, 7, 16, 13], "texture": "#end"},
				"west": {"uv": [0, 7, 16, 13], "texture": "#side"},
				"up": {"uv": [0, 0, 16, 16], "rotation": 90, "texture": "#3"},
				"down": {"uv": [0, 0, 16, 16], "texture": "#bottom"}
			}
		},
		{
			"from": [0, 0, 13],
			"to": [3, 3, 16],
			"faces": {
				"north": {"uv": [0, 13, 3, 16], "texture": "#end"},
				"east": {"uv": [13, 13, 16, 16], "texture": "#side"},
				"south": {"uv": [0, 13, 3, 16], "texture": "#end"},
				"west": {"uv": [13, 13, 16, 16], "texture": "#side"},
				"up": {"uv": [0, 0, 2, 2], "texture": "#missing"},
				"down": {"uv": [0, 3, 3, 6], "texture": "#bottom"}
			}
		},
		{
			"from": [13, 0, 13],
			"to": [16, 3, 16],
			"faces": {
				"north": {"uv": [13, 13, 16, 16], "texture": "#end"},
				"east": {"uv": [13, 13, 16, 16], "rotation": 270, "texture": "#side"},
				"south": {"uv": [13, 13, 16, 16], "texture": "#end"},
				"west": {"uv": [13, 13, 16, 16], "rotation": 270, "texture": "#side"},
				"up": {"uv": [0, 0, 2, 2], "texture": "#missing"},
				"down": {"uv": [13, 3, 16, 6], "texture": "#bottom"}
			}
		},
		{
			"from": [2, 9, 10],
			"to": [14, 10, 15],
			"faces": {
				"north": {"uv": [10, 2, 11, 14], "rotation": 90, "texture": "#3"},
				"east": {"uv": [10, 2, 15, 3], "rotation": 180, "texture": "#3"},
				"south": {"uv": [14, 2, 15, 14], "rotation": 90, "texture": "#3"},
				"west": {"uv": [10, 13, 15, 14], "texture": "#3"},
				"up": {"uv": [10, 2, 15, 14], "rotation": 90, "texture": "#3"},
				"down": {"uv": [0, 0, 12, 5], "texture": "#missing"}
			}
		},
		{
			"from": [0, 2, 2],
			"to": [0, 3, 8],
			"faces": {
				"north": {"uv": [0, 0, 1, 2], "texture": "#missing"},
				"east": {"uv": [2, 13, 8, 14], "texture": "#side"},
				"south": {"uv": [0, 0, 1, 2], "texture": "#missing"},
				"west": {"uv": [2, 13, 8, 14], "texture": "#side"},
				"up": {"uv": [0, 0, 1, 6], "texture": "#missing"},
				"down": {"uv": [0, 0, 1, 6], "texture": "#missing"}
			}
		},
		{
			"from": [16, 2, 2],
			"to": [16, 3, 8],
			"faces": {
				"north": {"uv": [0, 0, 1, 2], "texture": "#missing"},
				"east": {"uv": [2, 13, 8, 14], "texture": "#side"},
				"south": {"uv": [0, 0, 1, 2], "texture": "#missing"},
				"west": {"uv": [2, 13, 8, 14], "texture": "#side"},
				"up": {"uv": [0, 0, 1, 6], "texture": "#missing"},
				"down": {"uv": [0, 0, 1, 6], "texture": "#missing"}
			}
		}
	]
}